{"types": ["DEPOSIT", "SWAPS_SHORT_END", "DATED", "SWAPS"], "data": {"DEPOSIT": [[0, [1, "Days"], 0.0004], [1, [1, "Days"], 0.0004], [2, [1, "Days"], 0.0004]], "SWAPS_SHORT_END": [[2, [1, "Weeks"], 0.0007], [2, [2, "Weeks"], 0.00069], [2, [3, "Weeks"], 0.00078], [2, [1, "Months"], 0.00074]], "DATED": [["16-January-2013", "13-February-2013", 0.00046], ["13-February-2013", "13-March-2013", 0.00016], ["13-March-2013", "10-April-2013", -7e-05], ["10-April-2013", "8-May-2013", -0.00013], ["8-May-2013", "12-June-2013", -0.00014]], "SWAPS": [[2, [15, "Months"], 2e-05], [2, [18, "Months"], 8e-05], [2, [21, "Months"], 0.00021], [2, [2, "Years"], 0.00036], [2, [3, "Years"], 0.00127], [2, [4, "Years"], 0.00274], [2, [5, "Years"], 0.00456], [2, [6, "Years"], 0.00647], [2, [7, "Years"], 0.00827], [2, [8, "Years"], 0.00996], [2, [9, "Years"], 0.01147], [2, [10, "Years"], 0.0128], [2, [11, "Years"], 0.01404], [2, [12, "Years"], 0.01516], [2, [15, "Years"], 0.01764], [2, [20, "Years"], 0.01939], [2, [25, "Years"], 0.02003], [2, [30, "Years"], 0.02038]]}}