{"types": ["DEPOSIT", "FRA", "SWAPS"], "data": {"DEPOSIT": [[3, [6, "Months"], 0.00312]], "FRA": [[1, null, 0.00293], [2, null, 0.00272], [3, null, 0.0026], [4, null, 0.00256], [5, null, 0.00252], [6, null, 0.00248], [7, null, 0.00254], [8, null, 0.00261], [9, null, 0.00267], [10, null, 0.00279], [11, null, 0.00291], [12, null, 0.00303], [13, null, 0.00318], [14, null, 0.00335], [15, null, 0.00352], [16, null, 0.00371], [17, null, 0.00389], [18, null, 0.00409]], "SWAPS": [[0, [3, "Years"], 0.00424], [0, [4, "Years"], 0.00576], [0, [5, "Years"], 0.00762], [0, [6, "Years"], 0.00954], [0, [7, "Years"], 0.01135], [0, [8, "Years"], 0.01303], [0, [9, "Years"], 0.01452], [0, [10, "Years"], 0.01584], [0, [12, "Years"], 0.01809], [0, [15, "Years"], 0.02037], [0, [20, "Years"], 0.02187], [0, [25, "Years"], 0.02234], [0, [30, "Years"], 0.02256], [0, [35, "Years"], 0.02295], [0, [40, "Years"], 0.02348], [0, [50, "Years"], 0.02421], [0, [60, "Years"], 0.02463]]}}